{"Text": "\u041d\u0438\u043a\u0438\u0442\u043e\u0441 \u043f\u0440\u043e\u0434\u043e\u043b\u0436\u0430\u0439)!", "Model": "XGBClassifier", "timestamp": "20230610060224", "best_params": {"max_depth": 8, "learning_rate": 0.05588683443737918, "n_estimators": 204, "min_child_weight": 2, "gamma": 0.005358191861491873, "subsample": 0.33239861155521105, "colsample_bytree": 0.02891587636977258, "reg_alpha": 1.0469300705202239e-07, "reg_lambda": 1.959302787494657e-06}, "best_accuracy": 0.6433333333333333, "model_version": "model/model_20230610060224.joblib"}